link, caption
https://api.lorem.space/image/fashion?w=220&h=220, une experience extraordinaire
https://api.lorem.space/image/fashion?w=220&h=220, une experience extraordinaire
https://api.lorem.space/image/fashion?w=220&h=220, une experience extraordinaire
https://api.lorem.space/image/fashion?w=220&h=220, une experience extraordinaire
https://api.lorem.space/image/fashion?w=220&h=220, une experience extraordinaire
https://api.lorem.space/image/fashion?w=220&h=220, une experience extraordinaire
https://api.lorem.space/image/fashion?w=220&h=220, une experience extraordinaire
https://api.lorem.space/image/fashion?w=220&h=220, une experience extraordinaire
https://api.lorem.space/image/fashion?w=220&h=220, une experience extraordinaire
https://api.lorem.space/image/fashion?w=220&h=220, une experience extraordinaire
https://api.lorem.space/image/fashion?w=220&h=220, une experience extraordinaire
https://api.lorem.space/image/fashion?w=220&h=220, une experience extraordinaire
https://api.lorem.space/image/fashion?w=220&h=220, une experience extraordinaire
https://api.lorem.space/image/fashion?w=220&h=220, une experience extraordinaire
https://api.lorem.space/image/fashion?w=220&h=220, une experience extraordinaire
https://api.lorem.space/image/fashion?w=220&h=220, une experience extraordinaire
https://api.lorem.space/image/fashion?w=220&h=220, une experience extraordinaire
https://api.lorem.space/image/fashion?w=220&h=220, une experience extraordinaire